<project>
    <pomVersion>3</pomVersion>
    <artifactId>metar</artifactId>
    <name>Metar Parser</name>
    <groupId>metar</groupId>
    <currentVersion>1.0</currentVersion>
    <organization>
        <name>Apache Software Foundation</name>
        <url>http://www.apache.org/</url>
        <logo>http://maven.apache.org/images/jakarta-logo-blue.gif</logo>
    </organization>
    <inceptionYear>2002</inceptionYear>
    <package>com.feldt.metar</package>
    <logo>http://maven.apache.org/images/maven.jpg</logo>
    <description>A collection of example projects showing how to use maven in different situations</description>
    <shortDescription>How to use maven in different situations</shortDescription>
    <url>http://maven.apache.org/reference/plugins/examples/</url>
    <issueTrackingUrl>http://nagoya.apache.org/scarab/servlet/scarab/</issueTrackingUrl>
    <siteAddress>jakarta.apache.org</siteAddress>
    <siteDirectory>/www/maven.apache.org/reference/plugins/examples/</siteDirectory>
    <distributionDirectory>/www/maven.apache.org/builds/</distributionDirectory>
    <repository>
        <connection>scm:cvs:pserver:anoncvs@cvs.apache.org:/home/cvspublic:maven-plugins/examples</connection>
        <url>http://cvs.apache.org/viewcvs/maven-plugins/examples/</url>
    </repository>
    <dependencies>
        <dependency>
            <groupId>jargs</groupId>
            <artifactId>jargs</artifactId>
            <version>0.5</version>
            <type>jar</type>
            <properties/>
        </dependency>
        <!--
        <dependency>
            <groupId>commons-httpclient</groupId>
            <artifactId>commons-httpclient</artifactId>
            <version>2.0.2</version>
            <type>jar</type>
            <properties/>
        </dependency>
        <dependency>
            <groupId>commons-logging</groupId>
            <artifactId>commons-logging</artifactId>
            <version>1.0.4</version>
            <type>jar</type>
            <properties/>
        </dependency>
        -->
    </dependencies>
    <build>
        <nagEmailAddress>turbine-maven-dev@jakarta.apache.org</nagEmailAddress>
        <sourceDirectory>src/java</sourceDirectory>
        <unitTestSourceDirectory>src/test</unitTestSourceDirectory>
        <unitTest>
            <includes>
                <include>**/*Test.java</include>
            </includes>
            <excludes>
                <exclude>**/NaughtyTest.java</exclude>
            </excludes>
        </unitTest>
        <resources>
            <resource>
                <directory>src/conf</directory>
                <includes>
                    <include>*.properties</include>
                </includes>
                <filtering>false</filtering>
            </resource>
        </resources>
    </build>
    <properties/>
</project>